industry,name,address,phone,website,rating,review_count,place_id
HVAC / Home Services,Best Home Services - Naples,"1455 Rail Head Blvd #1, Naples, FL 34110, USA",(239) 677-4312,https://getbest.com/service-area/naples/?utm_source=google-gbp&utm_medium=organic&utm_campaign=*048*best-home-services-naples,4.8,7498,ChIJHRhCEpMe24gRm6k95pOjmRg
Restaurants / Hospitality,Caffè Milano,"800 5th Ave S, Naples, FL 34102, USA",(239) 692-8480,http://www.caffemilano.com/,4.7,4222,ChIJ_cuNiJ7h2ogRnprnukJeDi4
HVAC / Home Services,Conditioned Air Naples,"3786 Mercantile Ave, Naples, FL 34104, USA",(239) 643-2445,http://conditionedair.com/,4.8,3958,ChIJTQFCABTi2ogRZ0hxeljxqcE
HVAC / Home Services,One Hour Heating & Air Conditioning,"4380 Enterprise Ave, Naples, FL 34104, USA",(239) 237-3360,https://www.onehourheatandair.com/naples/?utm_source=GMB&utm_medium=organic&utm_campaign=gbp_main,4.8,3822,ChIJlWA4pWri2ogRTryfV_chgOc
Restaurants / Hospitality,The Dock at Crayton Cove,"845 12th Ave S, Naples, FL 34102, USA",(239) 263-9940,https://www.dockcraytoncove.com/,4.4,3634,ChIJlZS5uHbh2ogR6GyIlcJRmLU
Restaurants / Hospitality,The Boathouse On Naples Bay,"990 Broad Ave S, Naples, FL 34102, USA",(239) 643-2235,http://www.boathouseonnaplesbay.com/,4.1,2553,ChIJlZS5uHbh2ogRJYC27V-PqJw
Restaurants / Hospitality,Celebration Park Naples,"2880 Becca Ave, Naples, FL 34112, USA",(239) 316-7253,https://celebrationparknaples.com/,4.5,2542,ChIJf-ov_Q3j2ogRw6FBlKSdgn0
Restaurants / Hospitality,Riverwalk At Tin City,"1200 5th Ave S, Naples, FL 34102, USA",(239) 263-2734,http://www.riverwalktincity.com/,4.4,2282,ChIJweV72Zzh2ogRPUhBn6ZBDCY
Medical / Dental,Park Family and Cosmetic Dentistry,"690 Goodlette-Frank Rd, Naples, FL 34102, USA",(239) 206-1500,https://myparkdental.com/,4.9,1985,ChIJH5hDFpLh2ogR6SpPF1O7nlg
Restaurants / Hospitality,The 239 Naples,"9108 Strada Pl Ste 14110, Naples, FL 34108, USA",(239) 631-1902,http://the239naples.com/,4.7,1920,ChIJZabExZYf24gRbUDOfsRltNM
Medical / Dental,Riverchase Dermatology - Naples North,"1015 Crosspointe Dr, Naples, FL 34110, USA",(239) 596-9075,https://www.riverchasedermatology.com/location/naples-north/?utm_source=google&utm_medium=organic&utm_campaign=RCD_GMB_Naples_North&utm_id=01,4.9,1780,ChIJ5_50eLYe24gRtdlTRds_8v8
HVAC / Home Services,"Plumbing, Cooling & Electrical Nerds","1502 Rail Head Blvd, Naples, FL 34110, USA",(239) 215-3330,https://www.plumbingnerds.com/?utm_source=google&utm_medium=organic&utm_campaign=GMBListing-NAPLES-FL,4.8,1740,ChIJuQEXKhsd24gRDwM2_TtG1Hg
Medical / Dental,Riverchase Dermatology - Naples Downtown,"261 9th St S, Naples, FL 34102, USA",(239) 216-4337,https://www.riverchasedermatology.com/location/naples-downtown/?utm_source=google&utm_medium=organic&utm_campaign=RCD-GMB_Naples_Downtown&utm_id=01,4.9,1694,ChIJGe1G_Zvh2ogRhgNclvJwY-w
HVAC / Home Services,"PRO-TEC Plumbing, Drain Cleaning & AC Repair","3900 Arnold Ave, Naples, FL 34104, USA",(239) 364-4815,https://www.ptpflorida.com/?utm_source=google&utm_medium=organic&utm_campaign=gbp_naples,4.8,1693,ChIJi66cCT_i2ogRRM630LNP5Lo
Restaurants / Hospitality,Campiello,"1177 3rd St S, Naples, FL 34102, USA",(239) 435-1166,http://www.campiellonaples.com/,4.4,1682,ChIJG5bxoQzh2ogRJmVVT116c1A
HVAC / Home Services,"Aztec Plumbing, Inc","5700 Taylor Rd unit A 3, Naples, FL 34109, USA",(239) 309-1373,https://www.aztecplumbing.net/service-area/naples-fl/?utm_source=google&utm_medium=gmb&utm_campaign=GMBListing-Naples-FL,4.8,1624,ChIJnXCTGz0f24gRJzUXe_7yVkg
Restaurants / Hospitality,Osteria Tulia,"466 5th Ave S, Naples, FL 34102, USA",(239) 213-2073,http://www.osteriatulia.com/,4.6,1601,ChIJFa0FKaDh2ogRc_0cPuCe8pg
Restaurants / Hospitality,Spanky's Speakeasy,"1550 Airport-Pulling Rd, Naples, FL 34104, USA",(239) 643-1559,https://spankysspeakeasy.com/,4.4,1507,ChIJARNmohDi2ogRr6-L2pwWtyM
HVAC / Home Services,All U Need Pest Control,"28651 N Diesel Dr Unit 6, Bonita Springs, FL 34135, USA",(239) 402-3647,https://alluneedpest.com/,5,1295,ChIJ243hbeER24gRudOvMGWHH6U
HVAC / Home Services,Pure Air Conditioning,"2043 Trade Center Way, Naples, FL 34109, USA",(239) 597-7873,https://getpureair.com/,4.9,1287,ChIJYzkdWB4e24gR8yvUkou0X7U
Medical / Dental,BayView Dental Arts,"1001 10th Ave S #218, Naples, FL 34102, USA",(239) 434-5545,https://www.bayviewdentalarts.com/,4.9,1233,ChIJyyQbxHfh2ogR4Hc6E01wPMw
Medical / Dental,Gulfview Dental,"501 Goodlette-Frank Rd STE B202, Naples, FL 34102, USA",(239) 261-7291,https://www.gulfviewdentistry.com/,4.9,1189,ChIJ5SUjvJHh2ogRPPr4oYkUfRE
Medical / Dental,Riverchase Dermatology - Central Naples,"9125 Corsea Del Fontana Way Suite 100, Naples, FL 34109, USA",(239) 598-4004,https://www.riverchasedermatology.com/location/naples-central/?utm_source=google&utm_medium=organic&utm_campaign=RCD_GMB_Naples_Central&utm_id=01,4.9,1180,ChIJaRo_mCYc24gR1W47pWA7Q5I
Real Estate,Sandcastle Community Management,"9150 Galleria Ct #201, Naples, FL 34109, USA",(239) 596-7200,http://sandcastlecm.com/,4.6,1078,ChIJAQAAADAc24gRcICra6rm7p4
Medical / Dental,Towncare Dental of Naples,"4822 Davis Blvd, Naples, FL 34104, USA",(239) 331-5141,https://www.towncaredental.com/dentist-office/naples-fl-34104?utm_source=Google&utm_medium=KnowledgePanel&utm_campaign=Website,4.6,1003,ChIJrSU59kzi2ogRdy3o6Qm9qZg
HVAC / Home Services,HomeTeam Pest Defense,"275 Airport-Pulling Rd S, Naples, FL 34104, USA",(239) 434-2788,https://pestdefense.com/naples/?utm_source=google&utm_medium=organic&utm_campaign=gbp,4.9,995,ChIJp543wzri2ogR3gq9Jb30O04
Medical / Dental,Riverchase Dermatology - Naples Colonial Square,"1108 Goodlette-Frank Rd, Naples, FL 34102, USA",(239) 434-0303,https://www.riverchasedermatology.com/location/naples-colonial-square/?utm_source=google&utm_medium=organic&utm_campaign=RCD_GMB_Colonial_Square&utm_id=01,5,986,ChIJD-mbE43h2ogRvtMqseQ88BA
HVAC / Home Services,Severyn Cool Services,"5790 Yahl St #101, Naples, FL 34109, USA",(239) 248-4446,http://severyncoolservices.com/,5,972,ChIJkzDCXtgd24gR_qCy3p6urnM
HVAC / Home Services,Complete Care Air,"670 Goodlette-Frank Rd #225, Naples, FL 34103, USA",(239) 207-7767,https://www.completecareair.com/,5,958,ChIJGxC7HZLh2ogRofqVWLmke5w
HVAC / Home Services,Kelly Roofing,"1360 Rail Head Blvd, Naples, FL 34110, USA",(239) 266-8289,https://www.kellyroofing.com/?utm_campaign=gmb&utm_medium=organic&utm_source=gmb_listing,4.6,956,ChIJv0G4jUHi2ogRNANUjBbLAWU
Medical / Dental,Towne Dental Naples,"3751 Tamiami Trl E, Naples, FL 34112, USA",(239) 399-0925,https://townedentalnaples.com/,4.9,917,ChIJg1q0P17j2ogR7mi_A6P3Rw4
HVAC / Home Services,Turner Pest Control,"1141 Sun Century Rd STE A, Naples, FL 34110, USA",(239) 266-2089,http://turnerpest.com/,4.8,887,ChIJnxCnDmkZ24gRb2s1MHfWUGY
Medical / Dental,"Synergy Integrated Healthcare, Inc","13020 Livingston Rd #14, Naples, FL 34105, USA",(239) 263-3330,https://synergynaples.com/,5,856,ChIJn-4uNLwd24gR8sMlFvbvn2I
Restaurants / Hospitality,Del Mar Naples,"494 5th Ave S, Naples, FL 34102, USA",(239) 350-0134,https://delmarmediterranean.com/locations-menus/naples/,4.6,826,ChIJJetxtW7h2ogR-l_17RIC4AY
HVAC / Home Services,Truly Nolen Pest & Termite Control,"3839 Domestic Ave, Naples, FL 34104, USA",(239) 643-2555,https://locations.trulynolen.com/fl/naples/naples-097.html?utm_source=local&utm_medium=organic&utm_campaign=googlemybusiness,4.7,819,ChIJzSedLRTi2ogRoBfn278OsSI
Medical / Dental,Florida Coastal Dermatology,"801 Anchor Rode Dr # 100, Naples, FL 34103, USA",(239) 263-1717,https://www.floridacoastaldermatology.com/,4.9,818,ChIJz-bwyyEe24gRyhpohRBsraI
Medical / Dental,Naples General & Cosmetic Dentistry LLC,"925 High Point Dr, Naples, FL 34103, USA",(239) 758-7080,http://www.naples-smiles.com/?utm_campaign=gmb,4.9,814,ChIJ5SBg5h8e24gR_K5iehyoLpk
Medical / Dental,Harris Dermatology | Naples Dermatology,"5415 Park Central Ct, Naples, FL 34109, USA",(239) 596-1848,https://harrisdermatology.com/,4.9,808,ChIJURHQucQd24gR9wmwHAtqNLA
Med Spa / Beauty,"The Om Spa - Naples, FL","6318 Trail Blvd, Naples, FL 34108, USA",(239) 631-5895,http://www.theomspa.com/,4.9,797,ChIJPzt1JGoe24gRt50ehxEb31c
Med Spa / Beauty,Spavia Day Spa - Naples,"6340 Naples Blvd Suites 4&5, Naples, FL 34109, USA",(239) 330-3938,https://naplesfl.spaviadayspa.com/,4.9,769,ChIJj0qIybwd24gRNkrb5K2u4fg
Medical / Dental,Skin Wellness Physicians,"8625 Collier Blvd, Naples, FL 34114, USA",(239) 732-0044,https://www.skinwellnessflorida.com/?utm_source=Google%20My%20Business&utm_medium=Organic,4.9,762,ChIJSyvgssv82ogRAeWjH3eT89k
HVAC / Home Services,Coastal Plumbing & Mechanical Corporation,"950 Commercial Blvd, Naples, FL 34104, USA",(239) 643-3278,https://coastalplumbing.com/,4.9,750,ChIJyyQbTmri2ogRsWe1PpaFQog
Real Estate,Premier Property Management,"700 11th St S PH 3, Naples, FL 34102, USA",(239) 321-6650,https://www.propertymanagementnaples.com/,4.4,701,ChIJH0HTnS3i2ogRiTiZY0YOoow
Medical / Dental,Gulf Shore Cosmetic and Family Dentistry,"225 Banyan Blvd Unit 200, Naples, FL 34102, USA",(239) 788-1629,http://cosmeticdentistryofnaples.com/?utm_source=gbp&utm_medium=organic&utm_campaign=yext_listing,4.9,649,ChIJIUhlgbjh2ogRPjcMImT-QPk
Med Spa / Beauty,Michael Thomas Hair Design,"5032 Airport-Pulling Rd #2407, Naples, FL 34105, USA",(239) 430-2800,http://www.michaelthomashairdesign.com/,4.9,646,ChIJ_aT7-Ocd24gRz8o0bRge5Pg
HVAC / Home Services,"Family Air Conditioning and Heating, Inc.","3899 Mannix Dr Unit 422, Naples, FL 34114, USA",(239) 354-4326,https://www.familyairconditioning.net/,5,644,ChIJXRTS2Wf92ogRjFAA2HBnmp4
Med Spa / Beauty,Salon Mulberry - Hair Salon Naples,"1575 Pine Ridge Rd STE 13, Naples, FL 34109, USA",(239) 261-0299,https://salonmulberry.com/,4.8,644,ChIJ27iHG0Ae24gRIQzmTZg-FRw
Restaurants / Hospitality,Seventh South Waterfront,"2891 Bayview Dr, Naples, FL 34112, USA",(239) 231-4553,http://www.seventhsouth.com/,4.6,643,ChIJtxcdy_vh2ogRnshTUO0b9pg
HVAC / Home Services,Dolphin Cooling & Heating Inc,"3506 Exchange Ave, Naples, FL 34104, USA",(239) 596-9044,https://www.dolphincooling.com/,4.9,582,ChIJn6Z_79Yd24gR6kfcTsVHe28
HVAC / Home Services,Groves Ocean Blue,"3755 Tamiami Trl E, Naples, FL 34112, USA",(239) 496-5970,https://spspoolcare.com/pool-services/fl/naples/groves-ocean-blue/,4.7,568,ChIJEy6ZtNHk2ogRArdp0NF6QTI
Medical / Dental,Suncoast Dental Center,"13040 Livingston Rd #3, Naples, FL 34105, USA",(239) 566-2255,https://www.suncoastdental.org/?utm_source=google&utm_medium=organic&utm_campaign=gbp-listing,4.9,563,ChIJYTG8Idwd24gR_0Z8Nv0ycLo
HVAC / Home Services,JP Brett & Sons Air Conditioning,"1955 Elsa St, Naples, FL 34109, USA",(239) 566-3633,https://www.brettairconditioning.com/,4.9,555,ChIJ40TGHXge24gRp5JQkM7rFmk
HVAC / Home Services,Charlies Angels Plumbing,"739 Hadley Pl W, Naples, FL 34104, USA",(239) 434-7586,http://www.charliesangelsplumbing.com/,4.9,545,ChIJiXSp4RXi2ogRaRsLxdmB4PE
HVAC / Home Services,Ehrlich Pest Control,"4160 Corporate Square, Naples, FL 34104, USA",(239) 312-5659,https://www.jcehrlich.com/local-branches/fort-myers-fl?utm_source=google&utm_medium=gbp&utm_campaign=eg_listing_lg,5,544,ChIJIwbUPLtq24gRWBhgMlqQxpk
Restaurants / Hospitality,The Hangout by Two Guys,"2360 Pine Ridge Rd, Naples, FL 34109, USA",(239) 384-9072,https://www.hangoutnaples.com/,4.5,544,ChIJXSuxPHYd24gRrcQLttVF9Gk
Medical / Dental,Southwest Florida Veterinary Specialists,"28400 Old 41 Rd #1, Bonita Springs, FL 34135, USA",(239) 361-2783,https://swfvs.com/,4.4,542,ChIJtRdyWX8Z24gRgyip5FyMMVQ
Medical / Dental,SWFL Dermatology Plastic Surgery & Laser Center,"13800 Tamiami Trl N APT 112, Naples, FL 34110, USA",(239) 500-7546,https://www.swfldermatology.com/?utm_source=gmb_auth,5,536,ChIJR8dL0-8Z24gRcTo8gc4EzAI
HVAC / Home Services,Mike Nugent Pest Control Naples,"6088 Lee Ann Ln Unit C, Naples, FL 34109, USA",(239) 498-9568,https://mikenugentpestcontrols.com/,5,529,ChIJDQaR-ZBocqcRewd7ZCWif8M
Medical / Dental,Total Health of Naples Chiropractor,"10661 Airport-Pulling Rd STE 11, Naples, FL 34109, USA",(239) 260-1426,http://www.totalhealthnaples.com/,5,524,ChIJf3gdsQUc24gRBJ5nN4wxd18
Med Spa / Beauty,NAWI Wellness Center,"671 Goodlette-Frank Rd STE 240, Naples, FL 34102, USA",(239) 202-0441,https://www.naplesawi.com/,4.9,519,ChIJ_V0EICvh2ogRv4gH3pAzu00
Medical / Dental,Animal Oasis Veterinary Hospital,"2700 Immokalee Rd Suite 16, Naples, FL 34110, USA",(239) 431-7980,https://www.animaloasisveterinaryhospital.com/?utm_source=gmb&utm_medium=organic&y_source=1_MTE2Njg5MjMtNzE1LWxvY2F0aW9uLndlYnNpdGU%3D,4.7,518,ChIJORjfuQgc24gRhRpuoweE62A
Restaurants / Hospitality,Unidos Restaurant,"1 9th St S, Naples, FL 34102, USA",(239) 331-3668,https://www.unidosrestaurant.com/,4.8,505,ChIJ5dtFSajh2ogRyTMAk5WK_uM
Restaurants / Hospitality,Tap 42 Craft Kitchen & Bar - Naples,"9118 Strada Pl Ste 8155, Naples, FL 34108, USA",(239) 399-3313,https://tap42.com/locations/naples/,4.5,493,ChIJc67xoBIf24gRInx1efcsNUc
Med Spa / Beauty,Woodhouse Spa - Naples,"2059 9th St N, Naples, FL 34102, USA",(239) 403-7727,http://naples.woodhousespas.com/,4.8,491,ChIJvQLhF-jh2ogR2nwa0olAkP8
Restaurants / Hospitality,Bar Tulia Mercato,"9118 Strada Pl, Naples, FL 34108, USA",(239) 438-1031,http://www.bartulia.com/,4.4,485,ChIJ9z0AJu8f24gRV7ukaW8cABA
HVAC / Home Services,Arrow Environmental Services,"4160 Corporate Square, Naples, FL 34104, USA",(941) 267-0982,https://www.arrowservices.com/branch-offices/naples-florida/?utm_source=google&utm_medium=gbp&utm_campaign=naples,4.9,471,ChIJpdIvv0Di2ogR1E8Qkkpj9Js
HVAC / Home Services,"Accurate Comfort Services - Naples, FL","3401 Progress Ave, Naples, FL 34104, USA",(239) 389-9600,https://accuratecomfortservices.com/?utm_source=google&utm_medium=organic&utm_campaign=naples_gbp,4.8,451,ChIJW88tIxfi2ogR_N_ssE7AnIs
Medical / Dental,Skin Wellness Physicians,"1300 Goodlette-Frank Rd # 101, Naples, FL 34102, USA",(239) 732-0044,https://www.skinwellnessflorida.com/?utm_source=Google%20My%20Business&utm_medium=Organic,4.9,447,ChIJ4bTddO3h2ogR_umP6VgJU6g
Medical / Dental,Engle Dentistry Naples,"1390 9th St N, Naples, FL 34102, USA",(239) 213-1500,https://www.engleimplantdentistry.com/,4.8,440,ChIJq6qqqrrj2ogRdp6GqSvQpxA
HVAC / Home Services,Key to Cool,"3900 Mannix Dr STE 106, Naples, FL 34114, USA",(239) 309-2991,http://www.keytocool.com/,4.9,435,ChIJH0HTnS3i2ogRpWvf7CSuRFc
Med Spa / Beauty,The House of Blondes,"111 8th St S, Naples, FL 34102, USA",(239) 287-3639,https://www.thehouseofblondes.com/?y_source=1_MjAxODQ3NjMtNzE1LWxvY2F0aW9uLndlYnNpdGU%3D,4.9,424,ChIJL8yZiJ7h2ogRcaj05HLJarU
Medical / Dental,The Animalife Veterinary Center,"2171 Pine Ridge Rd Suite B, Naples, FL 34109, USA",(239) 513-1777,https://animalife.net/?utm_source=gmb&utm_medium=organic&y_source=1_MjIzNzEyODQtNzE1LWxvY2F0aW9uLndlYnNpdGU%3D,4.5,421,ChIJYTG8Idwd24gRtH8pv9n6cfk
Medical / Dental,UrgentVet,"851 Vanderbilt Beach Rd, Naples, FL 34108, USA",(239) 306-8600,https://urgentvet.com/location/naples-fl/,4.8,413,ChIJL8zPUSwf24gRczc-U5ZCHfA
Medical / Dental,The Joint Chiropractic,"2338 Pine Ridge Rd, Naples, FL 34109, USA",(239) 312-5887,https://www.thejoint.com/florida/naples/naples-27070,4.6,405,ChIJm94bviMd24gRi92lsmx3Hvk
Medical / Dental,Harmony Health Clinic,"538 10th St N, Naples, FL 34102, USA",(239) 596-4801,https://www.flharmony.com/?utm_source=google&utm_medium=wix_google_business_profile&utm_campaign=5512543068153032393,5,388,ChIJ7RJzMyQc24gRIi7EjOK0zAQ
Medical / Dental,Brown Veterinary Clinic,"5239 Golden Gate Pkwy, Naples, FL 34116, USA",(239) 455-8166,http://bvcnaples.com/,4.5,383,ChIJxdopSpni2ogRJQCCYmkTKgw
HVAC / Home Services,Mike's Plumbing of Southwest Florida,"1724 Santa Barbara Blvd unit a, Naples, FL 34116, USA",(239) 208-0274,https://www.mikesplumbingswfl.com/,4.9,377,ChIJG6b6xEMB24gRl7XQKsTUVHk
Med Spa / Beauty,N Color,"4760 Tamiami Trl N, Naples, FL 34103, USA",(239) 597-7005,http://www.ncolorsalon.com/,4.9,375,ChIJM7DK3hMZ24gRftQRAOwETGc
Restaurants / Hospitality,Old Vines Naples at Mercato,"9105 Strada Pl Suite 3125, Naples, FL 34108, USA",(239) 591-5351,https://oldvines.net/mercato,4.8,367,ChIJXa4cq_Uf24gR901XrTu9vNA
Med Spa / Beauty,Salon B,"980 5th Ave N, Naples, FL 34102, USA",(239) 963-9422,https://www.salonbnaples.com/,5,363,ChIJy5KsVg_h2ogRznriiLX4t08
Medical / Dental,Gulfshore Animal Hospital,"3560 Tamiami Trl N, Naples, FL 34103, USA",(239) 262-3633,https://www.gulfshoreanimalhospital.com/,4.8,360,ChIJDzMmdR8e24gRNzGbh_xaLsk
Restaurants / Hospitality,Bernwood Catering Co,"25221 Bernwood Dr, Bonita Springs, FL 34135, USA",(239) 777-5137,http://bernwoodcatering.com/,4.9,360,ChIJ9eAw7eAZ24gRH2f_DmybqV8
Medical / Dental,Riverchase Dermatology - Naples Health Park,"11181 Health Park Blvd Suite 2280, Naples, FL 34110, USA",(239) 594-9075,https://www.riverchasedermatology.com/location/naples-health-park/?utm_source=google&utm_medium=organic&utm_campaign=RCD_GMB_Naples_Health_Park&utm_id=01,5,357,ChIJ1ZbZGLIe24gRysocoz0WJHU
Medical / Dental,Dental Care at Naples Lakes,"8615 Collier Blvd, Naples, FL 34114, USA",(239) 364-7049,http://dentalcareatnapleslakes.com/?utm_source=gbp&utm_medium=organic&utm_campaign=yext_listing,4.8,355,ChIJ97O75ob92ogRMYsrBfgphOc
Medical / Dental,Feel Amazing Spine and Joint Institute Naples,"3031 Airport-Pulling Rd N, Naples, FL 34105, USA",(239) 330-1000,https://feelamazing.com/,4.8,354,ChIJVy6ZYBfi2ogRjDjRnWHaKX4
HVAC / Home Services,Edgewater Pools & Spas | Main Office,"6201 Lee Ann Ln, Naples, FL 34109, USA",(239) 961-8379,http://edgewaterpoolservice.com/,4.9,353,ChIJVVVVVXHh2ogRKhm_cXLEzss
Med Spa / Beauty,Tipsy Salon Bar Naples,"4229 Tamiami Trl N, Naples, FL 34103, USA",(239) 529-1729,https://www.fresha.com/book-now/umambwf8/all-offer?id=485648&pId=453565,4.5,347,ChIJObWEPT0e24gRquUtyi9Bpr8
Medical / Dental,Affordable PetCare Hospital,"3875 Tamiami Trl E, Naples, FL 34112, USA",(239) 774-3555,http://www.apchospital.com/,4.8,343,ChIJiXkdtcDj2ogRZzYJIXE-RI8
Restaurants / Hospitality,Warren - Naples,"111 10th St S #104, Naples, FL 34102, USA",(239) 330-2611,https://warrennaples.com/,4.4,343,ChIJLzhP0mXh2ogREF_oJvvtgC0
Medical / Dental,Kirsch Dermatology,"1012 Goodlette-Frank Rd Suite 100, Naples, FL 34102, USA",(239) 300-9767,http://kirschderm.com/,4.9,336,ChIJVZEcuIjh2ogRAqdCrL-V4fQ
Medical / Dental,Yag-Howard Cosmetic Dermatology,"1000 Goodlette-Frank Rd, Naples, FL 34102, USA",(239) 529-3376,http://www.yhderm.com/?utm_source=googlemybusiness&utm_medium=organic&utm_campaign=yhderm,4.9,335,ChIJAXCIQpLh2ogRnN6pB-Azr5g
HVAC / Home Services,Cool Zone Inc,"2000 J and C Blvd, Naples, FL 34109, USA",(239) 513-9199,https://coolzoneinc.com/?utm_source=gbp,4.9,334,ChIJ4TECcnke24gRABgDA9r8j2Q
Medical / Dental,Emergency Pet Hospital,"6530 Dudley Dr, Naples, FL 34105, USA",(239) 263-8010,http://www.naplesemergencypet.com/,4,333,ChIJhR1m4qMd24gRWCXur31qwTk
Restaurants / Hospitality,Nosh on Naples Bay,"1490 5th Ave S Unit 101, Naples, FL 34102, USA",(239) 384-9208,https://noshonnaplesbay.com/,4.6,325,ChIJfSPQUGXh2ogRfipQn55z0k4
Medical / Dental,Back in Motion,"5695 Naples Blvd, Naples, FL 34109, USA",(239) 598-2244,http://www.backinmotionnaples.com/,5,324,ChIJT5UbPdkd24gRBJe1cUbAaoo
Real Estate,Seacrest Southwest Property Management,"1044 Castello Dr, Naples, FL 34103, USA",(239) 261-3440,http://www.swpropmgt.com/,4.4,324,ChIJfXyICBUe24gRPOPSGT50GDY
Medical / Dental,Gateway of Naples Dental,"2176 Tamiami Trl N, Naples, FL 34102, USA",(239) 341-6823,http://gatewayofnaplesdental.com/?utm_source=gbp&utm_medium=organic&utm_campaign=yext_listing,4.9,323,ChIJdWzxabzh2ogRTZKN2ak-LSw
Medical / Dental,Eastside Animal Clinic,"4493 Tamiami Trl E, Naples, FL 34112, USA",(239) 774-6400,http://www.eastsideanimalclinic.com/,4.8,322,ChIJD9KGHL7j2ogRUNlokGC34Mw
Med Spa / Beauty,Revital Med Spa and IV Drip Bar,"868 99th Ave N, Naples, FL 34108, USA",(239) 372-3211,http://www.revitalmedswfl.com/,5,320,ChIJ0Ww5zhz92ogReAbhxWS7N6s
Medical / Dental,Harborside Animal Clinic,"2662 Davis Blvd, Naples, FL 34104, USA",(239) 774-3701,http://www.harborsideanimalclinic.com/,4.6,313,ChIJRzlkXC3i2ogRB-QjBk8jGUQ
Med Spa / Beauty,Salon East Naples,"625 5th Ave S #203, Naples, FL 34102, USA",,,5,313,ChIJR2oGcdzh2ogRI1cYIlA-06A
Medical / Dental,"Gulf Coast Spine & Sport, LLC","2240 Venetian Ct Unit A, Naples, FL 34109, USA",,,5,312,ChIJx9hAlM0d24gRtTsHjTIO_qk
Med Spa / Beauty,Beauty Salon of Naples,"1266 Airport-Pulling Rd N, Naples, FL 34104, USA",,,5,310,ChIJZ8wreK7j2ogRLeIs9JA-XV0
Medical / Dental,Naples Smiles Dentistry,"5072 Airport Rd N, Naples, FL 34105, USA",,,4.5,304,ChIJYSco6i0d24gRpvNcMwNBIYE
Medical / Dental,Bergtold Chiropractic Naples Florida,"5385 Park Central Ct Suite 1, Naples, FL 34109, USA",,,5,304,ChIJq_Ss1wgc24gRBdhey--0bEQ
Medical / Dental,FYZICAL Therapy & Balance Centers - East Naples,"12250 Tamiami Trl E Suite 102, Naples, FL 34113, USA",,,4.9,298,ChIJ51qhur7k2ogRq7covZW8dzs
Med Spa / Beauty,The Beauty District,"2355 Vanderbilt Beach Rd #166, Naples, FL 34109, USA",,,4.9,297,ChIJuWn1CiYc24gRyJONEpu0k2Y
Restaurants / Hospitality,Tigress Restaurant & Rooftop Bar,"12155 Tamiami Trl N, Naples, FL 34110, USA",,,4.5,291,ChIJzTxQ85sZ24gRwnuPQEIhcaE
HVAC / Home Services,Naples Comfort Systems By Stahlman Cooling & Heating | Naples Florida Air Conditioning Company,"2160 Keane Ave, Naples, FL 34117, USA",,,4.9,286,ChIJf3y3IIcC24gRMLOkdU-WRD4
HVAC / Home Services,On Demand Pest Control Naples,"2940 Horseshoe Dr S STE 500, Naples, FL 34104, USA",,,5,281,ChIJfW_uKD_j2ogRsoRvGKcVkiI
HVAC / Home Services,"Cathedral Roofing Innovations, Inc","1810 J and C Blvd STE 10, Naples, FL 34109, USA",,,4.9,280,ChIJ5wr5b7_j2ogRXIH0sWF6Q_M
Med Spa / Beauty,EDEN MED SPA,"1250 Tamiami Trl N Unit 101, Naples, FL 34102, USA",,,4.9,273,ChIJi5QKN3_h2ogRH8Ja-d2OktM
HVAC / Home Services,"Caribbean Pools, Inc.","3573 Enterprise Ave STE 54, Naples, FL 34104, USA",,,4.9,272,ChIJFd0_hN3j2ogRRP9G3bwWvdA
HVAC / Home Services,Wicked Cool Air Conditioning,"1101 Sun Century Rd, Naples, FL 34110, USA",,,4.9,271,ChIJd9XNSNEC24gRWjDxqXTIbbU
HVAC / Home Services,Pest Solutions Plus,"5725 Yahl St Unit 4, Naples, FL 34109, USA",,,5,271,ChIJ2UWR4WQB24gRq2_mMvyfv2g
Med Spa / Beauty,FACE FOUNDRIÉ - Naples,"121 8th St S, Naples, FL 34102, USA",,,4.9,268,ChIJNeaK5Q7h2ogRy6GQRzH09YU
Med Spa / Beauty,Spa of Awakening,"2500 Tamiami Trl N #109, Naples, FL 34103, USA",,,5,267,ChIJ8cwIYsPh2ogR27z14ScwDj4
Restaurants / Hospitality,The Mini Bar,"1200 Central Ave Suite 106, Naples, FL 34102, USA",,,4.7,256,ChIJ5a9eiLPh2ogRvStv3-GKiPQ
Med Spa / Beauty,Beauty Edition By Katie,"2669 Davis Blvd #101, Naples, FL 34104, USA",,,4.9,251,ChIJNRjOwU_j2ogRuo1_yOfQqEU
Medical / Dental,"Michael R. Cohen DO, FAOCD","261 9th St S, Naples, FL 34102, USA",,,4.9,250,ChIJe8BkJjPv2ogR13sV6KNmVR8
Medical / Dental,Excel Physical Therapy of Naples Inc.,"13020 Livingston Rd SUITE #9, Naples, FL 34105, USA",,,5,246,ChIJuWT5I7wd24gR3j_PaW2nV7w
Medical / Dental,North Trail Physical Therapy,"4910 Tamiami Trl N Suite 204, Naples, FL 34103, USA",,,5,244,ChIJbW1TExUe24gR774n9MkDHeE
HVAC / Home Services,"Plumbing, Cooling & Electrical Nerds","660 Tamiami Trl N Unit 22, Naples, FL 34102, USA",,,4.8,240,ChIJ48mpuSLh2ogR7C2538mqYZ8
Med Spa / Beauty,The Wellness Lab,"2500 Tamiami Trl N STE 219, Naples, FL 34103, USA",,,5,235,ChIJc8t3K7UP24gROPLAKhfz-oc
Medical / Dental,Maxliving Naples Chiropractic,"6308 Trail Blvd, Naples, FL 34108, USA",,,4.9,232,ChIJu48THGoe24gRt5uwRYHuoOY
Medical / Dental,Harmony Animal Hospital,"7211 Vanderbilt Beach Rd STE 13, Naples, FL 34119, USA",,,4.4,230,ChIJ7xH98SYd24gRuZpbya_cnfI
HVAC / Home Services,King Roofing Service Inc,"1755 J and C Blvd, Naples, FL 34109, USA",,,4.9,229,ChIJcdiiaXke24gR4Te433scUEw
Medical / Dental,Naples Dental Care,"4325 Tamiami Trl N, Naples, FL 34103, USA",,,4.5,222,ChIJjX1c1Bce24gR-gqsSIQ6L74
Medical / Dental,LIFEstrength Health Center,"4280 Tamiami Trl E Suite 102, Naples, FL 34112, USA",,,5,217,ChIJkRUpdr_j2ogR0DUGEqp55Uk
Medical / Dental,Harbor Dental,"2905 Davis Blvd, Naples, FL 34104, USA",,,5,211,ChIJb3OXjzHj2ogRmbjMHuEi1yk
Medical / Dental,HealthQuest Physical Therapy - Naples,"6750 Immokalee Rd Building 200, Unit 206, Naples, FL 34119, USA",,,5,209,ChIJRQiG1Bcd24gRZfhPeQnRIPk
Medical / Dental,Naples Dental Studio,"Brennan Medical Building, 730 Goodlette Rd N #206, Naples, FL 34102, USA",,,4.8,207,ChIJo-H2q43h2ogR2n8P-tSxooU
HVAC / Home Services,Naples Pool Service,"4172 Corporate Square, Naples, FL 34104, USA",,,4.7,205,ChIJIRv-AtId24gRtB2lqsHIqFY
HVAC / Home Services,Service Trade Pros,"4774 Exchange Ave, Naples, FL 34104, USA",,,5,203,ChIJoTxmeGTHdgkRTjOLo-Ud0zw
HVAC / Home Services,Hughes Exterminators,"6001 Janes Ln, Naples, FL 34109, USA",,,4.9,198,ChIJS2LU-Ncd24gRoLZXX7OMioY
HVAC / Home Services,Massey Services Pest Control,"3940 Prospect Ave #105, Naples, FL 34104, USA",,,4.7,198,ChIJca7iAFAZ24gR9EuNfy5IlKw
Medical / Dental,FYZICAL Therapy & Balance Centers,"9051 Tamiami Trl N Suite 104, Naples, FL 34108, USA",,,4.9,196,ChIJ9V32xuoe24gRgYsBlmS06vs
Medical / Dental,Select Physical Therapy - East Naples,"1725 Heritage Trail Unit 301, Naples, FL 34112, USA",,,4.9,193,ChIJ_3k9af_i2ogRevdm8MsK2jc
Real Estate,"Matthew Harrington, Naples FL Realtor, William Raveis Real Estate","720 5th Ave S Suite 201, Naples, FL 34102, USA",,,4.9,191,ChIJASbD_XIX24gRfr_bKTyaQtk
Med Spa / Beauty,Good Hair Salon,"3088 Tamiami Trl N, Naples, FL 34103, USA",,,5,191,ChIJ6Sq4B3kNvGkR0wBOz4ZVkac
Medical / Dental,Berman Physical Therapy,"501 Goodlette-Frank Rd STE C100, Naples, FL 34102, USA",,,4.9,189,ChIJJVmhu5Hh2ogRMHznvG7F1H4
Med Spa / Beauty,Simple Beauty Studio: Naples Premier Hair Salon & Med Spa,"1514 Immokalee Rd Unit 111, Naples, FL 34110, USA",,,4.8,189,ChIJuzGFFq4e24gRhDtaL4TEutw
HVAC / Home Services,A-1 Plumbing & Gas Inc.,"3522 Plover Ave, Naples, FL 34117, USA",,,4.8,187,ChIJSwD-cPVF24gRhomWwNIol0k
HVAC / Home Services,DC ROOFING FL,"1630 Chesapeake Ave, Naples, FL 34102, USA",,,4.9,186,ChIJBapljcco8SIRHZiiJJnSmws
Restaurants / Hospitality,Keewaydin's,"711 5th Ave S, Naples, FL 34102, USA",,,4.2,186,ChIJIWEiF0Th2ogR3Lf8Zgg-n0g
Med Spa / Beauty,Unwind Head Spa Naples,"412 Bayfront Pl Suite 125, Naples, FL 34102, USA",,,5,183,ChIJNzYgVd_h2ogRNNV8FNdGSAI
Medical / Dental,Tanya E. Ames PA-C,"1108 Goodlette-Frank Rd, Naples, FL 34102, USA",,,5,173,ChIJfwtmu5Lh2ogRmzCiUP3A74M
Med Spa / Beauty,D-Lux Medspa,"6100 Trail Blvd Suite 205, Naples, FL 34108, USA",,,4.9,171,ChIJCRFTfiYc24gRzljjqj-Ka3Q
Med Spa / Beauty,BeU Medical Spa Naples,"6622 Willow Park Dr #202, Naples, FL 34109, USA",,,5,169,ChIJ0xSDcywd24gR5USMGNoCJvs
Medical / Dental,Art of Dermatology - Naples,"2350 Vanderbilt Beach Rd STE 301, Naples, FL 34109, USA",,,4.6,163,ChIJGQpfISTh2ogRFl9qmOa5Sdc
Restaurants / Hospitality,Soluna Restaurant,"403 Bayfront Pl, Naples, FL 34102, USA",,,4.8,160,ChIJL46lgbjh2ogRTSCI6JuZ2-c
Med Spa / Beauty,MD Health Spa,"625 9th St N Unit 304, Naples, FL 34102, USA",,,5,158,ChIJsctTDDjh2ogRLe_RYB-BnI4
Medical / Dental,Javier G. Lugo MD,"4081 Tamiami Trl N c101, Naples, FL 34103, USA",,,4.9,157,ChIJ9YSbARge24gR8Czi-ngYft8
Med Spa / Beauty,Jewell Medical Spa - Mr. Injectable,"1044 Castello Dr STE 213, Naples, FL 34103, USA",,,4.9,155,ChIJH2dIq8Af24gRmab-rwPXTIA
Restaurants / Hospitality,Two Guys Catering,"2360 Pine Ridge Rd, Naples, FL 34109, USA",,,4.8,154,ChIJ_QzZXxfi2ogRUEUlS8lslYg
Real Estate,"Phillip & Spencer Rigsby, Realtors Naples, FL. - Premier Sotheby's International Realty","390 Broad Ave S, Naples, FL 34102, USA",,,5,153,ChIJsxPwsQzh2ogREu9qiLgeKUM
Medical / Dental,Caring Dentistry of Naples,"2772 Santa Barbara Blvd Suite 103, Naples, FL 34116, USA",,,4.9,152,ChIJKSXTV6fi2ogR_rdTTrb8w0I
Medical / Dental,Banyan Dental Care,"1250 Tamiami Trl N Unit 107, Naples, FL 34102, USA",,,4.9,151,ChIJpZgZthPh2ogRfTohrp-B4hQ
Med Spa / Beauty,"Eskap Head Spa | Scalp Spa | Naples, FL","1575 Pine Ridge Rd Unit 14, Suite 7, Naples, FL 34109, USA",,,5,150,ChIJp0sPErzh2ogRTVAs-J9IZRo
HVAC / Home Services,Big Kahuna Plumbing Co.,"999 Vanderbilt Beach Rd Suite 200. Door 1, Naples, FL 34108, USA",,,4.9,148,ChIJXyS9lSKx7aYRS-qgkVKTxlU
Med Spa / Beauty,Hair Lounge By Michelle,"800 5th Ave S 201 Suite 22, Naples, FL 34102, USA",,,5,147,ChIJbyT-Ihjh2ogRt_VSB7Y7rd8
HVAC / Home Services,Sweetwater Pool Service,"3575 Mercantile Ave, Naples, FL 34104, USA",,,4.7,146,ChIJ_Vy46xTi2ogR9aMdTWLnKFg
Medical / Dental,Chiropractic of Naples,"3940 Radio Rd #105, Naples, FL 34104, USA",,,5,146,ChIJqRhoOzni2ogR9IxQSD34GM8
Medical / Dental,Naples Dermatology | Dr. G.Jerry Lugo and Dr. Scott A. Ross,"4085 Tamiami Trl N, Naples, FL 34103, USA",,,4.8,141,ChIJIxuTARge24gRGhRA4bdflcQ
HVAC / Home Services,Jackson Total Service,"3727 Enterprise Ave # 2, Naples, FL 34104, USA",,,4.5,140,ChIJrV4YCRbi2ogR01hm8xGXI1o
HVAC / Home Services,Coharbor Electric LLC,"2977 Goodlette-Frank Rd Unit 53, Naples, FL 34103, USA",,,5,140,ChIJFfCgiq3h2ogR9K6zaVFUW74
Medical / Dental,Banfield Pet Hospital,"2415 Tarpon Bay Blvd Unit #2, Naples, FL 34119, USA",,,3.6,138,ChIJt-Oyp34c24gR9cNvXX_XTew
Medical / Dental,North Naples Veterinary Hospital,"2500 Vanderbilt Beach Rd Suite 1110, Naples, FL 34109, USA",,,4.7,136,ChIJYc5GXjoc24gR54-WUANT1U0
Real Estate,Newell Property Management,"5435 Jaeger Rd # 4, Naples, FL 34109, USA",,,4.5,136,ChIJp1pQPnEe24gRe1ABWNg6mD4
Medical / Dental,Heather E. Pontasch M.D.,"1333 3rd Ave S, Naples, FL 34102, USA",,,4.9,135,ChIJmYcse63OPIgR6H1BH1BtkMU
HVAC / Home Services,Pool Service Unlimited,"1854 Trade Center Way # 200, Naples, FL 34109, USA",,,4.9,134,ChIJuyKKItYd24gR8HxJrfsuK0M
Med Spa / Beauty,The Laser Lounge Spa Naples,"5100 Tamiami Trl N Suite 104, Naples, FL 34103, USA",,,4.9,130,ChIJT_0yTRUe24gRoromAO4IVNs
HVAC / Home Services,"Castilla Roofing, Inc.","4305 Exchange Ave, Naples, FL 34104, USA",,,4.7,129,ChIJQVQUPz3i2ogRJvcEsmSOaD8
Med Spa / Beauty,"Head Spa At Sahir Beauty | Naples, Fl","2335 Tamiami Trl N STE 209, Naples, FL 34103, USA",,,5,127,ChIJEUQmNEg_24gRzmQYhITVXwk
HVAC / Home Services,R4 Roofing and Reconstruction,"3822 Exchange Ave, Naples, FL 34104, USA",,,5,126,ChIJV04r-sJD24gRoCFoSJRTWxQ
Real Estate,Current Property Management LLC,"4735 Santa Barbara Blvd #800, Naples, FL 34104, USA",,,4.5,125,ChIJaV7pTZ_i2ogR8osrIZ_-2ZI
Restaurants / Hospitality,Bernwood Catering Company Naples,"3325 Airport-Pulling Rd N, Naples, FL 34105, USA",,,5,122,ChIJe8ob3fkd24gR5tQikh0sKtw
HVAC / Home Services,Speedy Air Conditioning Inc,"6088 Taylor Rd D, Naples, FL 34109, USA",,,4.4,120,ChIJZ5uo5NYd24gR97xrIEVKSSY
Medical / Dental,Marquesa Veterinary Clinic,"13040 Livingston Rd APT 6, Naples, FL 34105, USA",,,4.6,120,ChIJY168P7wd24gRyX5dcQUjQNw
HVAC / Home Services,Northwest Exterminating - Naples,"10550 Collier Blvd, Naples, FL 34116, USA",,,4.9,119,ChIJNfg40FL92ogR4KaPy5gjrKI
HVAC / Home Services,Local Plumber of Naples,"4573 Enterprise Ave Suite 2, Naples, FL 34104, USA",,,5,118,ChIJP5nTX8wfYQIRx6TEHRiyDa8
HVAC / Home Services,Roof Revolution,"3606 Enterprise Ave #200, Naples, FL 34104, USA",,,4.7,118,ChIJndTNtZy22YgRlhJM57A8_-4
HVAC / Home Services,Florida Roofing & Construction LLC,"5081 Tamiami Trl E, Naples, FL 34113, USA",,,5,115,ChIJFVgbvvTj2ogRTZkM7Y5F-EE
Med Spa / Beauty,Skin Deep Naples,"3363 Tamiami Trl N, Naples, FL 34103, USA",,,4.9,115,ChIJRyCUxsQd24gRvzeuL2XQweM
Medical / Dental,Family Dentistry Naples,"7219 Radio Rd, Naples, FL 34104, USA",,,4.8,113,ChIJ0SzhTsoC24gRigZ1vXcJmCo
Real Estate,White Sands Realty,"1164 Goodlette-Frank Rd, Naples, FL 34102, USA",,,5,110,ChIJnbIj75zh2ogRxQRRLXb1K8k
Med Spa / Beauty,ELIXIR MedSpa,"Located in: GOODLETTE, FRANK PROFESSIONAL BUILDING, 2977 Goodlette-Frank Rd unit 41, Naples, FL 34103, USA",,,4.9,110,ChIJy3Tq7Jjh2ogRPQnlM9sHmJA
HVAC / Home Services,Kingdom Electric Inc,"6268 Taylor Rd, Naples, FL 34109, USA",,,5,109,ChIJWxRKIWEd24gRJDQhok4ypUM
Medical / Dental,"Richard Hiler, DC DABCN","3031 Airport-Pulling Rd N, Naples, FL 34105, USA",,,5,103,ChIJSzdeBgji2ogRYMMfgzvRdL0
Medical / Dental,Naples Coastal Animal Hospital,"956 2nd Ave N, Naples, FL 34102, USA",,,4.9,102,ChIJrcGL-Znh2ogRKMhqs9EEqW0
HVAC / Home Services,Florida Pool Services Inc,"2011 Seward Ave, Naples, FL 34109, USA",,,4.7,101,ChIJV-4K_NYd24gRq7aBof6Q_bM
HVAC / Home Services,Mighty Fine Roofing,"4811 Tamiami Trl E, Naples, FL 34112, USA",,,5,99,ChIJldfekXYe24gRtdk8ip2myFc
Med Spa / Beauty,Sola Salon Studios,"2950 Tamiami Trl N, Naples, FL 34103, USA",,,4.7,99,ChIJfzYu6uDh2ogRptop00pnkNQ
HVAC / Home Services,Florida Comfort Systems,"3887 Mannix Dr STE 625, Naples, FL 34114, USA",,,4.9,98,ChIJ0XQd2Uf92ogRGVMA6Wf8Ju4
HVAC / Home Services,"Grant Construction & Roofing, Inc","4850 Tamiami Trl N Suite 301, Naples, FL 34103, USA",,,4.9,97,ChIJ0-hTdnUf24gRgm9ZYI0HKuQ
HVAC / Home Services,First Choice Cooling & Heating,"1041 9th St SW, Naples, FL 34117, USA",,,5,96,ChIJaQ909TPC8IURcX9d3b783Sk
Medical / Dental,Patty Baker Humane Society Naples: Yawney Family Veterinary Clinic,"370 Airport-Pulling Rd N, Naples, FL 34104, USA",,,4.2,96,ChIJJQmz2jzi2ogRhDcRHhjb-bQ
Medical / Dental,East Naples Physical Therapy,"3906 Tamiami Trl E # 1, Naples, FL 34112, USA",,,5,94,ChIJ9_N2vsDj2ogRgMBVQN6xPHw
HVAC / Home Services,Rack Electric,"6017 Pine Ridge Rd Suite 300, Naples, FL 34119, USA",,,4.6,91,ChIJQ1pLApId24gRpIYiGPyhWOo
Medical / Dental,Houck Dermatology,"5100 Tamiami Trl N #102, Naples, FL 34103, USA",,,4.9,91,ChIJf2UMnqkf24gRxkAFOkobF6Y
Medical / Dental,"Naples Family Health & Wellness: Dr. Bryan Kalodish, DC","2390 Tamiami Trl N STE 102, Naples, FL 34103, USA",,,4.9,89,ChIJNTJg1Zbh2ogRnOxU_WsBDgw
Medical / Dental,Town & Country Animal Hospital,"1828 Santa Barbara Blvd, Naples, FL 34116, USA",,,4.4,89,ChIJeR1hNm8d24gRNViBzCsU8Ww
Med Spa / Beauty,the SALON Naples,"7345 Davis Blvd #6, Naples, FL 34104, USA",,,4.9,89,ChIJVwhqaWjj2ogRpY837nUatws
Real Estate,Guardian Property Management,"6704 Lone Oak Blvd, Naples, FL 34109, USA",,,1.8,88,ChIJob1EotId24gRo5y9t7xqX28
Med Spa / Beauty,Pure Beauty Salon & Aesthetics Lounge,"4081 Tamiami Trl N C102-103, Naples, FL 34103, USA",,,4.6,88,ChIJ9YSbARge24gRhPItPZ127SA
HVAC / Home Services,First Class Pools,"4110 Enterprise Ave #214, Naples, FL 34104, USA",,,4.8,85,ChIJPxIxX_bj2ogRn28uKexgW4o
Real Estate,Renee Hahn | Alfred Robbins Realty Group,"1795 9th St N, Naples, FL 34102, USA",,,5,85,ChIJ77r0XJnh2ogRRfg4QZFnUsk
HVAC / Home Services,Hancock Plumbing Inc,"4573 Exchange Ave #6, Naples, FL 34104, USA",,,4.9,84,ChIJ0XQd2Uf92ogR5b462wqsrKs
Medical / Dental,The Resilient Athlete Physical Therapy & Performance,"309 Airport-Pulling Rd N, Naples, FL 34104, USA",,,5,84,ChIJWY5gS7Tj2ogRQLeM4WWDHkw
HVAC / Home Services,"Marks Electric, LLC","4646 Domestic Ave unit 7, Naples, FL 34104, USA",,,5,82,ChIJq2HUOtL92ogRonTi7g5E8JE
HVAC / Home Services,Liam & Sons Plumbing & Air,"2940 Horseshoe Dr S #400, Naples, FL 34104, USA",,,4.9,81,ChIJc0MeGULj2ogRSuKxg3TAykM
Real Estate,Bonnycastle Realty,"365 5th Ave S #201, Naples, FL 34102, USA",,,5,80,ChIJI_Fyr2rh2ogROsZ8bHOsyF0
Med Spa / Beauty,Von & Co Medical Aesthetics Studio,"2120 Tamiami Trl N, Naples, FL 34102, USA",,,5,79,ChIJNyIoodLh2ogRrkahbctY0oc
Med Spa / Beauty,Cloud 9 Med Spa Naples,"1012 Goodlette Rd N Suite 101, Naples, FL 34102, USA",,,5,79,ChIJwQE2NrYf24gRZvjehCEY6X4
Medical / Dental,Wills Chiropractic,"1000 Tamiami Trl N STE 402, Naples, FL 34102, USA",,,5,78,ChIJpxGNoJfh2ogRFZGr4jFXN5I
Med Spa / Beauty,Daymaker Hair Salon,"933 Creech Rd Ste 8, Naples, FL 34103, USA",,,4.9,78,ChIJgVgPi6nh2ogRzt-Rx-xoc0c
HVAC / Home Services,"Mcgrath Plumbing, Drains & Water Heaters Of Naples","3201 Tamiami Trl N, Naples, FL 34103, USA",,,5,77,ChIJrWpY76bh2ogRw26-sj_W6IE
Medical / Dental,"Performance Physical Therapy of Naples, Inc.","3841 Tamiami Trl E, Naples, FL 34112, USA",,,4.9,77,ChIJHUsYNMfj2ogRmkrXI46gu0Y
Real Estate,Keyrenter Naples Property Management,"3080 Tamiami Trl E Suite 301, Naples, FL 34112, USA",,,5,77,ChIJ3yUh6Orj2ogRedB1F9I5JYg
Restaurants / Hospitality,Crave Culinaire by Chef Brian Roland,"9241 Brookwood Ct, Bonita Springs, FL 34135, USA",,,4.9,77,ChIJV7nophPi2ogRXdKkzLBzPNU
HVAC / Home Services,Bill Jones Roofing and Repairs,"4505 Mercantile Ave, Naples, FL 34104, USA",,,4.9,76,ChIJr7LCu5Hh2ogRtx-I9W7Uz7k
Medical / Dental,A Better Life Chiropractic,"661 Goodlette-Frank Rd STE 108, Naples, FL 34102, USA",,,4.9,75,ChIJeVXIIZLh2ogRc1kTDbD-ra4
HVAC / Home Services,Jeff Wilson Pool Service,"5365 Jaeger Rd, Naples, FL 34109, USA",,,4.4,73,ChIJX5wc4XMe24gRqro_Vgtlm7k
Medical / Dental,Olde Naples Animal Wellness Center,"349 14th Ave S, Naples, FL 34102, USA",,,4.7,73,ChIJ1fJI1gzh2ogRy77y7kXNFrk
Real Estate,Frank Procopio William Raveis Real Estate Naples,"720 5th Ave S Suite 201, Naples, FL 34102, USA",,,4.9,72,ChIJY2JcsCMd24gRIqU_VI-JGOY
Real Estate,Michael & Anna Bryant - Downing Frye Realty,"8950 Fontana Del Sol Way, Naples, FL 34109, USA",,,5,72,ChIJNcKeXJnh2ogRBPhEfULjcaY
Medical / Dental,Golden Gate Physical Therapy,"5263 Golden Gate Pkwy # E, Naples, FL 34116, USA",,,4.7,71,ChIJ89AQ3qHi2ogRNkkYSA9Rbk8
Med Spa / Beauty,Zazú Salon Naples,"445 5th Ave S unit 205, Naples, FL 34102, USA",,,4.9,69,ChIJp_23uAbh2ogRWMSTG2fpKvQ
HVAC / Home Services,Pros Plumbing & Rooter,"3437 Westview Dr Suite 9, Naples, FL 34104, USA",,,5,68,ChIJvcGyiR2NgAgRtNqj89lyILg
Real Estate,Matt Brown | William Raveis,"720 5th Ave S Suite 201, Naples, FL 34102, USA",,,5,68,ChIJgWqOP0nh2ogRH7c-nraUn4s
Real Estate,Blair White & Team at John R. Wood Properties | Christie’s International Real Estate,"3255 Tamiami Trl N, Naples, FL 34103, USA",,,5,67,ChIJ05iT-R8e24gRawJkgqF6mto
Real Estate,Cambridge Property Management,"2335 Tamiami Trl N STE 402, Naples, FL 34103, USA",,,3.4,67,ChIJkSGcYt3h2ogRvzNMRB0dno4
Med Spa / Beauty,Salons by JC Naples,"800 5th Ave S #201, Naples, FL 34102, USA",,,4.8,67,ChIJ_cuNiJ7h2ogR-HpvhFeRJoM
HVAC / Home Services,Antimidators Inc. Pest Control,"991 17th St SW, Naples, FL 34117, USA",,,5,66,ChIJdy6uAVoC24gRxdI_6FM1RzQ
HVAC / Home Services,Native Sun Pest Control Inc,"5790 Yahl St Ste 102, Naples, FL 34109, USA",,,4.9,65,ChIJv_5vQ9gd24gRBCJRYA7jfb8
HVAC / Home Services,"First Class Plumbing of Florida, Inc.","6123 Lee Ann Ln, Naples, FL 34109, USA",,,4,63,ChIJKwA0bGgd24gR6WjVYYc912E
Real Estate,Chiodo Group | Best Realtor In Naples Florida,"837 5th Ave S, Naples, FL 34102, USA",,,5,61,ChIJnYAQslnh2ogR0Ae2AUxGVFs
HVAC / Home Services,Mighty Dog Roofing,"1110 Pine Ridge Rd Ste 301, Naples, FL 34108, USA",,,4.9,60,ChIJ92suF-booGkRGIv48-5VIMI
HVAC / Home Services,Icon Pool Care,"4344 Corporate Square #2, Naples, FL 34104, USA",,,4.1,60,ChIJ50dxAWTj2ogRpOFROaF7Y4U
Real Estate,"Christina Muracco, Premier Sotheby’s International Realty","500 5th Ave S, Naples, FL 34102, USA",,,5,58,ChIJP4JdkgAZ24gRB0m4UosVp-Q
HVAC / Home Services,Gulf Coast Roofing Co Inc,"2101 J and C Blvd, Naples, FL 34109, USA",,,4.8,56,ChIJvTvgZ9Yd24gRn9tuYCwBc0I
HVAC / Home Services,"KDC Electric Maintenance Repair, Inc","10 Republic Dr, Naples, FL 34112, USA",,,5,55,ChIJh50wouXj2ogRKypSuS2pVdQ
HVAC / Home Services,"Dean Wilson Roofing, INC.","3539 Malaga Way, Naples, FL 34105, USA",,,4.8,55,ChIJw14JnArxwogRFx5PZcfN3VM
HVAC / Home Services,"Personalized Pest Control, Inc.","3888 Mannix Dr STE 308, Naples, FL 34114, USA",,,4.7,55,ChIJMfYhckf92ogRXtPix-S4h4I
HVAC / Home Services,Ocean Prime Pool Service,"5450 Shirley St, Naples, FL 34109, USA",,,5,52,ChIJucFlvrIf24gRcwwGBPrq8X4
Medical / Dental,Vanderbilt Chiropractic Clinic,"4530 Tamiami Trl N Suite 2, Naples, FL 34103, USA",,,5,51,ChIJfcJ0RyUc24gR-rQ0Hq8Mams
Med Spa / Beauty,Ageless Wellness Spa,"3411 Tamiami Trl N #200, Naples, FL 34103, USA",,,4.9,50,ChIJ81dChcof24gRyhpgn0Ccvt8
Medical / Dental,von Arx Wildlife Hospital,"1495 Smith Preserve Way, Naples, FL 34102, USA",,,4.6,49,ChIJ22UWS6fh2ogRViVulal6ums
HVAC / Home Services,All Year Cooling & Plumbing,"6203 Janes Ln, Naples, FL 34109, USA",,,5,48,ChIJUW-DoGod24gRMBB0UqYX1AI
HVAC / Home Services,My Pest Defense,"4700 32nd Ave SW, Naples, FL 34116, USA",,,4.9,48,ChIJm6FtLBjj2ogRe-vuGbSf8To
HVAC / Home Services,D' Roofing Group,"323 Arpt Rd S, Naples, FL 34104, USA",,,4.9,46,ChIJfVIBqyHj2ogR4_R391HvNHY
Real Estate,BK Homes & Signal Real Estate Management powered by KW Naples,"9045 Strada Stell Ct, Naples, FL 34109, USA",,,4.8,46,ChIJkTgen74LK4cRx1QJTO_aOjc
Med Spa / Beauty,MBS Beauty Studio & Spa,"350 5th Ave S Plaza 300, Naples, FL 34102, USA",,,5,45,ChIJ7XCs0Gvh2ogRHWsSc9sZlqE
HVAC / Home Services,"Privette Plumbing, Inc.","3808 Exchange Ave, Naples, FL 34104, USA",,,4.3,43,ChIJ_dInCBfi2ogRGFEaj6Mx2ns
Med Spa / Beauty,TIME 4 U Med Spa,"4380 Gulf Shore Blvd N Suite 820, Naples, FL 34103, USA",,,5,42,ChIJmU-_GKcf24gRSLN7MvVZNUM
Medical / Dental,iChiropractic and Wellness,"3200 Bailey Ln Suite 225, Naples, FL 34105, USA",,,5,40,ChIJG7wqw8Qd24gRMTUe6BV-iac
Med Spa / Beauty,Tru Glo Medspa,"1250 Pine Ridge Rd Suite 101B, Naples, FL 34108, USA",,,4.8,40,ChIJl7XhnGwe24gR22jC_LljWUQ
Medical / Dental,Freedom Physical Therapy and Fitness,"1575 Pine Ridge Rd Unit 4, Naples, FL 34109, USA",,,5,39,ChIJebE9WVkf24gRcrPUq6HiftQ
HVAC / Home Services,One Way Air,"1415 Panther Ln Suite 565, Naples, FL 34109, USA",,,5,38,ChIJj8J0mgsf24gRkDcUqM6NPzQ
HVAC / Home Services,Hoosier Plumbing,"4120 Enterprise Ave #107, Naples, FL 34104, USA",,,4.8,37,ChIJfxsIXxXi2ogRUlR11_I3XUA
HVAC / Home Services,Plaster's Master Pool Services,"1230 39th St SW, Naples, FL 34117, USA",,,4,37,ChIJs3Kl2csC24gRkCLW3vpGAy8
Real Estate,"Pamela Keyes Realtor Naples, FL","787 5th Ave S, Naples, FL 34102, USA",,,5,35,ChIJ_a5pm5_h2ogRG_H2ww3ig7c
Real Estate,"Mike Shoaff, REALTOR - REMAX Hallmark Naples, Fl","625 9th St N Unit 203, Naples, FL 34102, USA",,,5,35,ChIJNdEukJ7h2ogRgmko2UdR_38
Med Spa / Beauty,Hair salon ES in Naples Haircut Coloring Restoration Keratin Extensions Styling,"800 Seagate Dr # 204, Naples, FL 34103, USA",,,5,35,ChIJA0gI7zF5bYsRCDHkGc32GWQ
HVAC / Home Services,Atlantis Roofing of Naples,"4392 Corporate Square #2, Naples, FL 34104, USA",,,4.1,34,ChIJJ3vOuw4d24gRZvkViZhaqXs
HVAC / Home Services,Roto-Rooter Plumbing & Drain Services,"1147 Industrial Blvd Ste B5, Naples, FL 34104, USA",,,4.9,31,ChIJdbD9RxTj2ogRckPtdpudBx0
Restaurants / Hospitality,Chef Justin of Naples / Private Chef,"1431 Rail Head Blvd, Naples, FL 34110, USA",,,4.9,31,ChIJS3cXS48Z24gRe1tCFWWpT6c
Medical / Dental,Dai Grace J DDS MSD,"3200 Bailey Ln Suite 130, Naples, FL 34105, USA",,,4.8,30,ChIJV8YSafod24gRvs_gXu4Euzw
Medical / Dental,PhysioRight Naples,"3355 Tamiami Trl N, Naples, FL 34103, USA",,,5,30,ChIJG7a5V1Uf24gRSLdFzRtV0I8
Real Estate,Coldwell Banker Realty,"550 5th Ave S, Naples, FL 34102, USA",,,4.2,30,ChIJ1Zhlm5_h2ogRNSGvB3ysJGc
Real Estate,The NaplesRealEstate.com Team - Harris | Peppe | Wells,"550 5th Ave S, Naples, FL 34102, USA",,,5,30,ChIJM9stg5_h2ogRMp7bI7uJiLM
Restaurants / Hospitality,Naples Wedding Catering by Friscos,"1460 Golden Gate Pkwy, Naples, FL 34105, USA",,,5,30,ChIJr0Xtw-_h2ogRGHs26-HCi1g
Med Spa / Beauty,BodyWellness of Naples/ Head Spa Côte d'Azur,"1000 Tamiami Trl N STE 203, Naples, FL 34102, USA",,,5,30,ChIJX6LHkfod24gRxOo22sV-XZg
Real Estate,"Shannon Lefevre, PA Naples Real Estate Agent","3255 Tamiami Trl N, Naples, FL 34103, USA",,,5,29,ChIJe0Muj57h2ogRwgRm4rhUO1Y
HVAC / Home Services,Mr. Electric of Naples,"3606 Enterprise Ave #200, Naples, FL 34104, USA",,,5,28,ChIJ2WP8oI7j2ogRHGsWu3elTFA
HVAC / Home Services,Dan House Electric,"4120 Enterprise Ave #102, Naples, FL 34104, USA",,,4.4,28,ChIJcclBaRXi2ogRaKi59PKoz3o
Real Estate,Annual Rentals Inc,"780 5th Ave S #200, Naples, FL 34102, USA",,,4.4,27,ChIJjZV2iCQc24gRwc5gprGcACA
HVAC / Home Services,Leo's Real Plumbing,"3471 19th Ave SW, Naples, FL 34117, USA",,,5,26,ChIJ94HRpPCqP6ER4rqhgh-jjME
Medical / Dental,Select Physical Therapy - Naples,"800 Goodlette Rd N Suite 140, Naples, FL 34102, USA",,,5,26,ChIJSeHK5uTh2ogRpuMa_yjdQwQ
Real Estate,Lynn Charlas White - John R. Wood Properties | Christie's International Real Estate,"787 5th Ave S, Naples, FL 34102, USA",,,4.8,26,ChIJ1Zhlm5_h2ogRLbOpT7QPH8E
Real Estate,"Paramont Property Management, LLC.","5629 Strand Blvd APT 412, Naples, FL 34110, USA",,,3.5,26,ChIJ4yjWuncc24gRWZHRb6oSFPI
Medical / Dental,Northside Animal Hospital,"15275 Collier Blvd #204, Naples, FL 34119, USA",,,5,25,ChIJIy6PIQAD24gRjgQxCYuzLOI
Med Spa / Beauty,Grey L’Essentiel,"704 Goodlette-Frank Rd Suite #244, Naples, FL 34102, USA",,,5,25,ChIJs5LlFt_h2ogRM0iWg4qZH6k
HVAC / Home Services,Roof Repair in Naples,"3784 Domestic Ave, Naples, FL 34104, USA",,,4.9,23,ChIJAQCw2RXi2ogRbE-5GeuSjeI
Medical / Dental,Palm Coast Physical Therapy,"3425 10th St N, Naples, FL 34103, USA",,,5,22,ChIJh9kY85Lh2ogR8HqCQ6BbHgg
Real Estate,"One Source Property Management Group, LLC","3400 Tamiami Trl N #103, Naples, FL 34103, USA",,,3.9,22,ChIJA-lklh8e24gRVlRdPz6x520
Medical / Dental,Dermatology Specialists of Naples,"702 Goodlette-Frank Rd STE 200, Naples, FL 34102, USA",,,4.8,21,ChIJh2U0cpLh2ogRmHafZQrBgPI
Real Estate,Naples Property Management Solutions,"2645 Executive Park Dr Executive Suite 428, Fort Lauderdale, FL 33331, USA",,,4.8,21,ChIJ7U65FHPh2ogRzBaVkdUw9CA
HVAC / Home Services,PlumbingPro Naples,"4110 Enterprise Ave Suite A-210, Naples, FL 34104, USA",,,5,20,ChIJP_LQ4nbj2ogRlP9H_jChC5w
Medical / Dental,Pine Ridge Chiropractic & Acupuncture Clinic - Dr. Alex Krischanowski,"3031 Airport-Pulling Rd N, Naples, FL 34105, USA",,,5,20,ChIJ5-cZrL4d24gRYDihdrKjNpY
Real Estate,Naples Trust Property Management,"6300 Trail Blvd, Naples, FL 34108, USA",,,4.6,20,ChIJK8ZmZuDh2ogRPlGbjfEgHV4
Real Estate,Reed Property Management,"1016 Collier Center Way Suite 204, Naples, FL 34110, USA",,,3.7,19,ChIJFcMG-Qbh2ogRGvQeynteGCs
HVAC / Home Services,Atlantic Metal Roofing,"3080 Tamiami Trl E, Naples, FL 34112, USA",,,5,18,ChIJ6zWgNpHj2ogRWuZLds0xMg4
HVAC / Home Services,Water Works Pools,"3655 Arnold Ave, Naples, FL 34104, USA",,,5,18,ChIJHw0IZ8xuAagRWDnmFHQSUWI
Medical / Dental,Naples Premier Physical Therapy,"681 Goodlette Frank Road North, Unit 230, Naples, FL 34102, USA",,,5,18,ChIJyc3P8D7i2ogRPbqtMGLE1K0
Restaurants / Hospitality,Private Chef Services by Kyle Withrow,"2196 Arpt Rd S, Naples, FL 34112, USA",,,5,18,ChIJI4XHYRXi2ogRPTFuHzzyXN8
Medical / Dental,Coastal Chiropractic & Wellness by Dr. Ourganian,"7955 Airport-Pulling Rd N Suite 100, Naples, FL 34109, USA",,,5,17,ChIJQ7Y2cVod24gR5kduCsRxRXA
Restaurants / Hospitality,Creative Catering Naples,"5750 Yahl St, Naples, FL 34109, USA",,,5,17,ChIJJ_nG8mgd24gR10AnsXoZD4A
Restaurants / Hospitality,Prestige Catering Naples | Event and Private Catering,"4406 Exchange Ave STE 141, Naples, FL 34104, USA",,,4.8,17,ChIJSzH9akDi2ogRjxDRT-mmc6U
HVAC / Home Services,Loyalty pool service,"3595 23rd Ave SW, Naples, FL 34117, USA",,,5,16,ChIJN8Fo5ncD24gRqrl5Ylh52Q8
Medical / Dental,Performance Physical Therapy,"4949 Tamiami Trl N, Naples, FL 34103, USA",,,4.8,16,ChIJHz4VYhUe24gRljYs-qIlO4w
HVAC / Home Services,Johnny Ace LLC,"2938 Cypress St, Naples, FL 34112, USA",,,5,15,ChIJk1hiia_5dEcRqaxY6LEWDGs
HVAC / Home Services,American Power Electrical Contracting LLC,"315 13th St NW, Naples, FL 34120, USA",,,5,14,ChIJqYEjxroD24gRFvrl6-Wm9pI
Real Estate,Collier Home Management,"4850 Tamiami Trl N Suite 301, Naples, FL 34103, USA",,,4.7,13,ChIJo2M2R7LwlY0Rt1aebflAMrY
Restaurants / Hospitality,Sage Events Catering and Allergen Friendly Meal Delivery,"7785 Davis Blvd STE 105, Naples, FL 34104, USA",,,4.7,13,ChIJVVWVYmri2ogRAzAfZyzpoI0
Restaurants / Hospitality,Chef Sebastian Mazzotta,"4584 Enterprise Ave, Naples, FL 34104, USA",,,5,13,ChIJsemu_Mgc24gRqCsun6Z3-JA
HVAC / Home Services,Naples Air Conditioning LLC,"2880 14th St N, Naples, FL 34103, USA",,,4.7,12,ChIJyRlgdOPh2ogRhcwQBzf-sk4
HVAC / Home Services,Rodriguez Home Electric,"4290 Jefferson Ln apt 204, Naples, FL 34116, USA",,,5,11,ChIJCRle1uMNwwoROJLBdNI8pRU
HVAC / Home Services,Adonis Professional Services APS Naples,"4473 Progress Ave Unit 8, Naples, FL 34104, USA",,,5,11,ChIJ7QogNzDEeSARzxeKgUFugdU
Restaurants / Hospitality,Delicious by Design,"2125 Arpt Rd S, Naples, FL 34112, USA",,,4.6,11,ChIJQ9O9UBPj2ogR39HuRl56CbM
HVAC / Home Services,ROOFER LLC,"285 Mermaids Bight, Naples, FL 34103, USA",,,5,10,ChIJe5NP8igf24gRmRVNUdqkPxY
Medical / Dental,Kinetic Physical Therapy,"1082 6th Ave N, Naples, FL 34102, USA",,,4.6,10,ChIJE0szbZHh2ogRYnCN1LNqmtg
Medical / Dental,Florida Hands On Physical Therapy,"3341 Tamiami Trl N, Naples, FL 34103, USA",,,5,10,ChIJtdpsgOEf24gRIUrQh0JL6A0
HVAC / Home Services,"J&D Florida Electrical Contractor, LLC","1200 Goodlette-Frank Rd #8512, Naples, FL 34102, USA",,,5,9,ChIJ-5pPZu3h2ogR_HVhFpBLuw8
Medical / Dental,Aktive Motion Physical Therapy,"1250 9th St N #204, Naples, FL 34102, USA",,,5,9,ChIJmZJAS3Hh2ogR6KgkoTZIxfE
Real Estate,Gulf Coast International Properties,"1144 3rd St S #7055, Naples, FL 34102, USA",,,4.8,9,ChIJz4KwZwvh2ogRRmOO3CrG6sA
Real Estate,Moore Property Management Inc,"5603 Naples Blvd, Naples, FL 34109, USA",,,4.4,9,ChIJk1OtftAd24gRex9BbEX1fkc
Restaurants / Hospitality,Island Kitchen LLC,"2795 Davis Blvd suite c, Naples, FL 34104, USA",,,5,9,ChIJT909Fxbj2ogRIC8KyVN1LGU
Restaurants / Hospitality,You've Got It Coming Caterer,"723 12th Ave S, Naples, FL 34102, USA",,,4.6,9,ChIJBQWxDnTh2ogRalTIv9OmDB0
Med Spa / Beauty,Herb Beauty Spa,"886 110th Ave N #1, Naples, FL 34108, USA",,,5,9,ChIJtWeD1qQf24gRIOGaKWwzHYY
HVAC / Home Services,One Source Electric of SWFL LLC,"1091 16th Ave SW, Naples, FL 34117, USA",,,5,8,ChIJeRG8gWcD24gR4y1lXHSAG7o
HVAC / Home Services,Galaxy Electrical Contractors,"13245 Tamiami Trl E, Naples, FL 34114, USA",,,5,8,ChIJJdMZ29Ae24gR0FEHx_XbFRI
HVAC / Home Services,Edgewater Pools & Spas | Showroom,"1076 Industrial Blvd, Naples, FL 34104, USA",,,4.5,8,ChIJfxeirCXj2ogRGPe8Ea8lZeA
Real Estate,The Real Estate Agency,"700 11th St S STE 102, Naples, FL 34102, USA",,,5,8,ChIJORtv-p7h2ogRSyKohwMMuQ4
Real Estate,Naples Florida Real Estate | MDM | Dan and Marlene Suarez Jackson,"4850 Tamiami Trl N Suite 301, Naples, FL 34103, USA",,,5,8,ChIJl8iK4LIf24gR0hym4xzfjzw
Real Estate,Paramount Property Management Of Naples,"10621 Airport-Pulling Rd N Ste 6, Naples, FL 34109, USA",,,4,8,ChIJqSQ_oFUC24gRuvQ6tgUi7jY
Med Spa / Beauty,GS MED SPA,"1400 Gulf Shore Blvd N Ste 154, Naples, FL 34102, USA",,,5,8,ChIJk2-HDyjh2ogRvMw_glsfZlw
HVAC / Home Services,Gulf Coast Electrical Services Llc,"990 26th Ave N, Naples, FL 34103, USA",,,2.7,7,ChIJ-6drD-fh2ogRbjjoeq--rLw
HVAC / Home Services,Greater Naples Pool Service LLC,"5660 Strand Ct A257, Naples, FL 34110, USA",,,5,7,ChIJpyFYAf5ItCURwUcijwRbRVY
HVAC / Home Services,"Wes Coast Home & Pool Services, LLC","5204 Texas Ave, Naples, FL 34113, USA",,,5,6,ChIJw2Vndw0d24gRh25pctT_dO8
Real Estate,Keel Property Management,"1200 Goldfinch Way, Naples, FL 34105, USA",,,5,6,ChIJDXgFfxOfxkERnZEsVkUWQXY
Real Estate,Golden Property Management and Home Watch Services,"3200 Bailey Ln, Naples, FL 34105, USA",,,4.3,6,ChIJ3-milEQf24gR2l1W8mBe9Fo
HVAC / Home Services,Eddie's Pool Services,"4110 Enterprise Ave STE 213, Naples, FL 34104, USA",,,3.8,5,ChIJf-li6mzi2ogRFSXjQYY0vUs
HVAC / Home Services,Naples Roofing Inc,"971 Airport-Pulling Rd N, Naples, FL 34104, USA",,,5,4,ChIJdZ3Cclf92ogR2ayfmbG2P1w
Restaurants / Hospitality,Carolina Catering Co.,"4110 Enterprise Ave #102, Naples, FL 34104, USA",,,4,4,ChIJV7nophPi2ogRYFqTfQcGUeo
Medical / Dental,Aesthetic Dental,"730 Goodlette Rd N #206, Naples, FL 34102, USA",,,5,3,ChIJlxYK4jrh2ogRg1B93GFGqsY
HVAC / Home Services,Pool Service Naples FL,"5660 Strand Ct # 110, Naples, FL 34110, USA",,,5,2,ChIJfUFYi_sd24gRhRWLoLG3Ppw
Restaurants / Hospitality,Naples Catering,"1495 Rail Head Blvd #1, Naples, FL 34110, USA",,,5,2,ChIJfW4u2GQZ24gRjmXrLqrk59M
Restaurants / Hospitality,Island Kitchen In-Flight Catering,"4110 Enterprise Ave STE 114, Naples, FL 34104, USA",,,5,2,ChIJ4_zuwYUtg2oRyl0AOXCLhho
Med Spa / Beauty,Naples Facial Botox Med Spa,"1400 Goodlette-Frank Rd, Naples, FL 34102, USA",,,5,2,ChIJxxy1avDh2ogRetgg199D6lk
HVAC / Home Services,"American Electrical Services of Florida, Inc.","6017 Pine Ridge Rd #244, Naples, FL 34119, USA",,,5,1,ChIJbxzqgkYd24gR0OKtJxx3O0w
HVAC / Home Services,Naples Pool Cleaning Pros,"3811 Enterprise Ave, Naples, FL 34104, USA",,,5,1,ChIJ44jRBMXj2ogRf2S71jgiK48
Medical / Dental,Naples Family Chiropractic,"671 Goodlette Rd N #140, Naples, FL 34102, USA",,,5,1,ChIJf3BYlkTh2ogRmcZ573K83xU
Med Spa / Beauty,The Sanctuary Spa at Naples Beach Club,"802 Gulf Shore Blvd N, Naples, FL 34102, USA",,,5,1,ChIJ_6P7vSLh2ogR4_O5GPUKFC4
HVAC / Home Services,Spider Pest Control Naples FL,"2785 53rd Terrace SW, Naples, FL 34116, USA",,,,,ChIJ99h_5ofj2ogRK0oY5JlhQcc
