rank,category,business,phone,website,address
1,CHIROPRACTOR,Total Health of Naples Chiropractor,(239) 260-1426,http://www.totalhealthnaples.com/,"10661 Airport-Pulling Rd STE 11, Naples, FL 34109, USA"
1,CHIROPRACTOR,Chiropractic of Naples,(239) 315-4805,https://chiropracticofnaples.com/,"3940 Radio Rd #105, Naples, FL 34104, USA"
1,CHIROPRACTOR,"Gulf Coast Spine & Sport, LLC",(239) 745-5561,https://www.gcssnaples.com/,"2240 Venetian Ct Unit A, Naples, FL 34109, USA"
1,CHIROPRACTOR,The Joint Chiropractic,(239) 312-5887,https://www.thejoint.com/florida/naples/naples-27070,"2338 Pine Ridge Rd, Naples, FL 34109, USA"
1,CHIROPRACTOR,Harmony Health Clinic,(239) 596-4801,https://www.flharmony.com/?utm_source=google&utm_medium=wix_google_business_profile&utm_campaign=5512543068153032393,"538 10th St N, Naples, FL 34102, USA"
1,CHIROPRACTOR,Bergtold Chiropractic Naples Florida,(239) 593-6788,https://www.bergtoldchiropractic.com/,"5385 Park Central Ct Suite 1, Naples, FL 34109, USA"
1,CHIROPRACTOR,Feel Amazing Spine and Joint Institute Naples,(239) 330-1000,https://feelamazing.com/,"3031 Airport-Pulling Rd N, Naples, FL 34105, USA"
1,CHIROPRACTOR,"Naples Family Health & Wellness: Dr. Bryan Kalodish, DC",(239) 692-8160,http://www.napleschiropractor.net/,"2390 Tamiami Trl N STE 102, Naples, FL 34103, USA"
2,HVAC,Severyn Cool Services,(239) 248-4446,http://severyncoolservices.com/,"5790 Yahl St #101, Naples, FL 34109, USA"
2,HVAC,JP Brett & Sons Air Conditioning,(239) 566-3633,https://www.brettairconditioning.com/,"1955 Elsa St, Naples, FL 34109, USA"
2,HVAC,"Family Air Conditioning and Heating, Inc.",(239) 354-4326,https://www.familyairconditioning.net/,"3899 Mannix Dr Unit 422, Naples, FL 34114, USA"
2,HVAC,Cool Zone Inc,(239) 513-9199,https://coolzoneinc.com/?utm_source=gbp,"2000 J and C Blvd, Naples, FL 34109, USA"
2,HVAC,One Way Air,(239) 233-4356,https://onewayairfl.com/fort-myers/naples/,"1415 Panther Ln Suite 565, Naples, FL 34109, USA"
