priority,segment,business,phone,website,city
1,HVAC,Severyn Cool Services,(239) 248-4446,http://severyncoolservices.com/,Naples
1,HVAC,JP Brett & Sons Air Conditioning,(239) 566-3633,https://www.brettairconditioning.com/,Naples
1,HVAC,"Family Air Conditioning and Heating, Inc.",(239) 354-4326,https://www.familyairconditioning.net/,Naples
1,HVAC,Cool Zone Inc,(239) 513-9199,https://coolzoneinc.com/?utm_source=gbp,Naples
1,HVAC,One Way Air,(239) 233-4356,https://onewayairfl.com/fort-myers/naples/,Naples
1,HVAC,One Hour Heating & Air Conditioning,(239) 237-3360,https://www.onehourheatandair.com/naples/?utm_source=GMB&utm_medium=organic&utm_campaign=gbp_main,Naples
1,HVAC,Pure Air Conditioning,(239) 597-7873,https://getpureair.com/,Naples
1,HVAC,First Choice Cooling & Heating,(239) 398-6370,http://www.firstchoicecoolingswfl.com/,Naples
1,HVAC,Wicked Cool Air Conditioning,(239) 256-2577,https://www.wickedcoolac.com/?utm_source=GMBlisting&utm_medium=organic,Naples
1,HVAC,Dolphin Cooling & Heating Inc,(239) 596-9044,https://www.dolphincooling.com/,Naples
1,HVAC,Conditioned Air Naples,(239) 643-2445,http://conditionedair.com/,Naples
1,HVAC,Stone Cold HVAC,(239) 285-7905,http://stonecoldhvac.com/,Naples
1,HVAC,Complete Care Air,(239) 207-7767,https://www.completecareair.com/,Naples
1,HVAC,ASH HEATING AND AIR CONDITIONING,(239) 595-7382,http://www.ash-ac.com/,Naples
1,HVAC,Best Home Services - Naples,(239) 677-4312,https://getbest.com/service-area/naples/?utm_source=google-gbp&utm_medium=organic&utm_campaign=*048*best-home-services-naples,Naples
1,HVAC,All Year Cooling & Plumbing,(239) 422-9577,https://allyearcooling.com/about/areas-we-service/naples/?utm_source=google&utm_medium=organic&utm_campaign=google_business_profile,Naples
1,HVAC,Florida Comfort Systems,(239) 774-5501,http://acbyfcs.com/,Naples
1,HVAC,All Star Air Conditioning,(239) 597-5007,https://www.facebook.com/staycoolnaples/,Naples
1,HVAC,"Accurate Comfort Services - Naples, FL",(239) 389-9600,https://accuratecomfortservices.com/?utm_source=google&utm_medium=organic&utm_campaign=naples_gbp,Naples
1,HVAC,Homepatible,(239) 427-1511,https://www.homepatibleca.com/,Naples
1,HVAC,KOZAK Air Conditioning & Refrigeration,(239) 539-3209,https://www.kozakair.com/?utm_source=google&utm_medium=organic&utm_campaign=GMBListing-Naples-FL,Naples
1,HVAC,Key to Cool,(239) 309-2991,http://www.keytocool.com/,Naples
1,HVAC,Soave Mechanical,(239) 544-4640,https://soavemechanical.com/,Naples
1,HVAC,Nixon Air Conditioning,(239) 269-1042,,Naples
1,HVAC,Freeze The Heat Air Conditioning & Duct Cleaning,(239) 777-9563,https://freezetheheat.com/,Naples
1,HVAC,Applied Heating and Cooling,(239) 251-0199,,Naples
1,HVAC,"A5 Air Conditioning, LLC",(239) 686-2522,https://a5ac.com/,Naples
1,HVAC,Jackson Total Service,(239) 643-0923,http://jacksontotal.com/?utm_source=google&utm_medium=organic&utm_campaign=gbp,Naples
1,HVAC,Modern Services,(239) 597-3178,https://modernservice.com/,Naples
1,HVAC,Coastal Air Conditioning,(239) 403-2665,http://www.coastalac.com/,Naples
1,HVAC,JL Appliances Services Inc,(305) 519-1713,https://jlaairservices.com/,Naples
1,HVAC,Naples Comfort Systems By Stahlman Cooling & Heating | Naples Florida Air Conditioning Company,(239) 230-2975,https://stahlmanac.com/,Naples
1,HVAC,Wilshere AC Repair Naples,(239) 347-0260,http://wilshereacrepairnaples.com/,Naples
1,HVAC,"Always Be Cooling - Air Conditioning, HVAC Installation, AC Maintenance, Insulation, & Duct Cleaning",(239) 777-3972,https://alwaysbecoolingswfl.com/,Naples
1,HVAC,Speedy Air Conditioning Contractors,(239) 977-0145,,Naples
1,HVAC,Heating and AC Experts,(239) 737-2671,,Naples
1,HVAC,Dor-Mar Naples Air Conditioning Repair and Service,(239) 376-1051,https://www.dormarhvac.com/locations/collier-county-fl/naples-fl/,Naples
1,HVAC,Low Temp A/C LLC,(239) 380-2343,,Naples
1,HVAC,Downeast Air Heating & Cooling,(239) 530-2665,https://www.downeastair.net/,Naples
1,HVAC,Naples Air Conditioning LLC,(239) 430-9333,http://www.naples-air-conditioning.com/,Naples
2,Chiropractic,Total Health of Naples Chiropractor,(239) 260-1426,http://www.totalhealthnaples.com/,Naples
2,Chiropractic,Chiropractic of Naples,(239) 315-4805,https://chiropracticofnaples.com/,Naples
2,Chiropractic,"Gulf Coast Spine & Sport, LLC",(239) 745-5561,https://www.gcssnaples.com/,Naples
2,Chiropractic,The Joint Chiropractic,(239) 312-5887,https://www.thejoint.com/florida/naples/naples-27070,Naples
2,Chiropractic,Harmony Health Clinic,(239) 596-4801,https://www.flharmony.com/?utm_source=google&utm_medium=wix_google_business_profile&utm_campaign=5512543068153032393,Naples
2,Chiropractic,Bergtold Chiropractic Naples Florida,(239) 593-6788,https://www.bergtoldchiropractic.com/,Naples
2,Chiropractic,Feel Amazing Spine and Joint Institute Naples,(239) 330-1000,https://feelamazing.com/,Naples
2,Chiropractic,"Naples Family Health & Wellness: Dr. Bryan Kalodish, DC",(239) 692-8160,http://www.napleschiropractor.net/,Naples
2,Chiropractic,"Synergy Integrated Healthcare, Inc",(239) 263-3330,https://synergynaples.com/,Naples
2,Chiropractic,Back in Motion,(239) 598-2244,http://www.backinmotionnaples.com/,Naples
2,Chiropractic,North Trail Chiropractic Clinic,(239) 261-5222,http://www.northtrailchiropractic.com/,Naples
2,Chiropractic,Dr. Mike Merkt - The Collective Chiropractic Naples,(239) 610-1442,https://drmikemerkt.com/,Naples
2,Chiropractic,iChiropractic and Wellness,(239) 300-1756,https://www.ichiropractic.net/,Naples
2,Chiropractic,"Bechtol Chiropractic & Wellness Center, Inc.",(239) 352-8633,https://www.doctornikki.com/,Naples
2,Chiropractic,"Richard Hiler, DC DABCN",(239) 330-1000,https://www.feelamazing.com/,Naples
2,Chiropractic,Innovative Pain and Performance,(239) 596-4800,https://innovativepainandperformance.com/book-an-appointment/,Naples
2,Chiropractic,Widom Chiropractic and Associates,(239) 596-9050,https://www.widomchiropractic.com/,Naples
2,Chiropractic,Trinity Chiropractic - *Chiropractor Naples* Voted Best Of Naples Award 2021 & 2024,(239) 597-6099,http://trinitychironaples.com/,Naples
2,Chiropractic,Johnston Spinal Care,(239) 596-2225,https://www.596back.com/,Naples
2,Chiropractic,The Collective Chiropractic,(239) 610-3378,http://thecollectivechiropractic.com/,Naples
2,Chiropractic,"Ramon A. Gonzalez, DC",(239) 591-2220,https://www.drgonzalezchiro.com/,Naples
2,Chiropractic,Wills Chiropractic,(239) 331-6060,https://www.willschiropractic.com/,Naples
2,Chiropractic,LIFEstrength Health Center,(239) 774-5433,https://www.lifestrengthhealthcenter.com/,Naples
2,Chiropractic,Parkway Chiropractic and Rehab,(239) 236-2390,https://parkwaychiroandrehab.com/,Naples
2,Chiropractic,Access Injury Centers,(239) 455-4181,https://www.drcancelosa.com/,Naples
2,Chiropractic,Amazing Wellness,(239) 880-2273,https://amazingwellness.com/,Naples
2,Chiropractic,Vanderbilt Chiropractic Clinic,(239) 596-8800,https://www.anapleschiropractor.com/,Naples
2,Chiropractic,Fisher Chiropractic,(239) 944-7303,https://www.drfisherchiropractic.com/,Naples
2,Chiropractic,"Jepsen Chiropractic Wellness Center, Inc.",(239) 465-0656,https://www.jepsenchiropractic.com/,Naples
2,Chiropractic,Chiropractic Pain Solutions,(239) 361-2023,https://chiropracticpainsolutions.com/,Naples
2,Chiropractic,Pine Ridge Chiropractic & Acupuncture Clinic - Dr. Alex Krischanowski,(239) 330-1000,http://pineridgechiro.com/,Naples
2,Chiropractic,Collier Chiropractic and Accident Rehabilitation Center,(239) 594-8995,https://collierchiro.com/,Naples
2,Chiropractic,Maxliving Naples Chiropractic,(239) 300-0885,https://www.maxliving.com/clinic/maxliving-chiropractic-naples,Naples
2,Chiropractic,Carter Chiropractic & Wellness,(239) 784-8895,http://www.drsusancarter.com,Naples
2,Chiropractic,MICHAEL C SHAFFER DC PA,(239) 793-3200,https://drmichaelshaffer.com/,Naples
2,Chiropractic,Moon Family Health Center,(239) 261-1387,http://www.moonfamilyhealth.com/,Naples
2,Chiropractic,PAUL D BAUMGARDNER DC PA,(239) 793-3200,http://pauldbaumgardnerdc.com/,Naples
2,Chiropractic,Amanda M Ferguson DC Paradise Coast Chiropractic,(239) 734-3779,https://www.paradisecoastchiro.com/,Naples
2,Chiropractic,A Better Life Chiropractic,(239) 263-3369,http://www.abetterlifechiropractic.com/,Naples
2,Chiropractic,Naples Community Injury Center,(239) 631-5445,https://www.naplescommunityinjurycenter.com/?utm_source=google&utm_medium=organic&utm_campaign=gmb-listing-naples,Naples
2,Chiropractic,"Cade Copeland, DC",(239) 774-5433,https://www.lifestrengthhealthcenter.com/,Naples
2,Chiropractic,Alternative Health & Healing Center,(239) 592-7767,https://www.mynapleschiropractor.com/,Naples
2,Chiropractic,"Matthew R. Bergtold, DC",(239) 315-4694,http://www.drmattbergtold.com/,Naples
2,Chiropractic,Moses Chiropractic Clinic,(239) 774-2444,http://www.moseschiropracticclinic.com/,Naples
2,Chiropractic,"Opsal Family Chiropractic, Inc",(239) 963-9949,https://opsalfamilychiropractic.com/,Naples
2,Chiropractic,Caliber Wellness,(239) 658-2665,http://caliberwellness.com/,Naples
2,Chiropractic,Collier Chiropractic Care,(239) 374-2080,https://www.collierchiropracticcare.com/,Naples
2,Chiropractic,ChiroQueen,(239) 963-1733,https://chiroqueen.com/,Naples
2,Chiropractic,Spine And Sports Chiropractic,(239) 774-4041,http://chiropracticnaples.com/,Naples
2,Chiropractic,Kong Chiropractic Wellness Care,(239) 450-4865,https://kongchiro.com/,Naples
2,Chiropractic,Chiromed Injury Clinic,(239) 284-1322,https://chiromedinjuryclinic.com/,Naples
2,Chiropractic,Thrive Chiropractic -Chiropractor in Naples,(239) 325-8226,https://www.thrivenaples.com/homepage/#,Naples
2,Chiropractic,Darrow Chiropractic Clinic,(239) 263-1557,,Naples
2,Chiropractic,Premier Naples Chiropractic,(239) 799-7168,https://www.premiernapleschiro.com/,Naples
2,Chiropractic,"David A. Dishauzi, DC",(239) 261-5222,http://www.northtrailchiropractic.com/,Naples
2,Chiropractic,Chiro Acu Health,(239) 214-0214,https://chiroacuhealth.com/,Naples
2,Chiropractic,Dr. Chad Wills,(239) 331-6060,https://www.willschiropractic.com/meet-dr-chad-wills.html,Naples
2,Chiropractic,Chiropractic Healthcare-Naples: Clatworthy Erin DC,(239) 774-4041,,Naples
2,Chiropractic,Chiropractic Healthcare-Naples,(239) 206-3810,,Naples
2,Chiropractic,Goldman Chiropractic,(239) 254-0003,http://goldmanchiropracticnaples.com/,Naples
